frame,tracker_id,class_id,class_name,x_center,y_center,width,height,confidence,color,color_score,team,vx,vy,speed,direction,direction_change,x_map,y_map
0,-1,0,robot,438.0786743164063,1111.723388671875,282.7250671386719,330.2799072265625,0.9564744830131532,orange,0.1336234687298517,ball,0.0,0.0,0.0,0.0,0.0,503.67493,460.2665
0,-1,0,robot,829.8822631835938,569.1840209960938,93.0626220703125,139.12057495117188,0.9304865598678588,orange,0.08517057321884428,ball,391.80358886718744,-542.5393676757812,669.2226966617649,-0.9453481110026476,0.9453481110026476,150.0062,79.470474
0,-1,0,robot,1213.648193359375,665.8585815429688,144.0166015625,201.0111083984375,0.9135820269584656,orange,0.15758015478164733,ball,383.76593017578125,96.674560546875,395.7553029595611,0.24677570919050157,1.1921238201931492,655.4765,23.228498
0,-1,0,robot,149.58192443847656,799.1964721679688,184.18212890625,200.2152099609375,0.8739579916000366,unknown,0.00572972972972973,unknown,-1064.0662689208984,133.337890625,1072.387997756207,3.016932674513481,2.7701569653229794,72.48145,462.6716
0,-1,1,ball,724.1344604492188,790.9140625,22.791748046875,25.57763671875,0.8870062828063965,orange,0.8060200668896321,ball,574.5525360107422,-8.28240966796875,574.6122300702303,-0.014414410370566384,3.031347084884047,406.3085,301.98047
1,0,0,robot,433.9680786132813,1111.6180419921875,282.8272399902344,329.6039428710937,0.9603641629219056,orange,0.1408846924917545,ball,0.0,0.0,0.0,0.0,0.0,501.86612,460.98624
1,1,0,robot,829.9095458984375,568.8162841796875,93.42645263671876,139.3934326171875,0.9291394948959352,orange,0.08465045592705167,ball,0.0,0.0,0.0,0.0,0.0,149.19458,78.9651
1,2,0,robot,1213.6279296875,665.11962890625,144.00732421875,202.0963134765625,0.9266391396522522,orange,0.1663916391639164,ball,0.0,0.0,0.0,0.0,0.0,654.8118,22.301937
1,3,0,robot,146.59713745117188,801.5186767578125,187.39134216308597,201.9488525390625,0.9057093262672424,unknown,0.004788889775720328,unknown,0.0,0.0,0.0,0.0,0.0,74.17995,463.94913
1,4,1,ball,723.8978271484375,790.8075561523438,22.81903076171875,25.817626953125,0.8873057961463928,orange,0.7859531772575251,ball,0.0,0.0,0.0,0.0,0.0,406.04495,301.99747
2,0,0,robot,430.7234802246094,1111.6068115234375,279.28485107421875,331.968505859375,0.9551104307174684,orange,0.1537008248045947,ball,-3.244598388671932,-0.01123046875,3.244617824521224,-3.1381313857975246,3.1381313857975246,500.4806,461.56552
2,1,0,robot,829.700439453125,568.9767456054688,93.63604736328124,137.14901733398438,0.9260099530220032,orange,0.08487511563367253,ball,-0.2091064453125,0.16046142578125,0.26357802380885464,2.4870688797513614,2.4870688797513614,149.3588,79.28586
2,2,0,robot,1213.9248046875,665.0322875976562,142.83984375,202.6522216796875,0.9315643310546876,orange,0.15548737972388788,ball,0.296875,-0.08734130859375,0.3094564101967653,-0.2861293554110488,0.2861293554110488,655.0055,22.05906
2,3,0,robot,144.4727020263672,805.469482421875,182.29510498046875,202.7666015625,0.9300647974014282,unknown,0.003930119249508735,unknown,-2.1244354248046875,3.9508056640625,4.485765405073409,2.0641642660107267,2.0641642660107267,78.6727,465.35614
2,4,1,ball,723.7332763671875,791.0343627929688,23.1329345703125,25.4866943359375,0.8840729594230652,orange,0.7692307692307693,ball,-0.16455078125,0.226806640625,0.2802110130626262,2.198439580603636,2.198439580603636,406.1755,302.1589
3,0,0,robot,425.812744140625,1111.5908203125,279.00927734375,331.956298828125,0.9474748373031616,orange,0.16014596018482533,ball,-4.910736083984375,-0.0159912109375,4.910762120625824,-3.1383362875092704,0.0002049017117458085,498.38544,462.44186
3,1,0,robot,829.486572265625,568.084716796875,91.91119384765624,136.8282470703125,0.9239535927772522,orange,0.09251777634130576,ball,-0.2138671875,-0.89202880859375,0.9173083283445895,-1.806108387662519,1.9900080397657058,147.11458,78.19991
3,2,0,robot,1213.68408203125,666.1990966796875,142.6710205078125,200.228271484375,0.9236000776290894,orange,0.1483916083916084,ball,-0.24072265625,1.16680908203125,1.1913818997880838,1.774250348221661,2.0603797036327096,655.8062,23.642706
3,3,0,robot,141.55479431152344,808.744140625,182.8653564453125,201.82647705078125,0.916395366191864,unknown,0.005139858248119894,unknown,-2.91790771484375,3.274658203125,4.38606563786254,2.298648618303215,0.2344843522924882,81.71947,466.79996
3,4,1,ball,723.4117431640625,790.8828125,23.09918212890625,25.85205078125,0.8812561631202698,orange,0.782608695652174,ball,-0.321533203125,-0.15155029296875,0.35545898780412977,-2.701137751347751,1.3836079752282,405.8103,302.17865
4,0,0,robot,419.4917297363281,1109.2169189453125,279.78973388671875,331.91961669921875,0.945952534675598,orange,0.16323357947920716,ball,-6.321014404296875,-2.3739013671875,6.752083441461847,-2.7823337217386643,0.35600256577060607,494.31445,463.1999
4,1,0,robot,828.8326416015625,568.4065551757812,92.39398193359376,138.0802001953125,0.9279716610908508,orange,0.0919187145557656,ball,-0.6539306640625,0.32183837890625,0.728838291761777,2.6842368607428737,1.7928400587741935,147.21992,78.964005
4,2,0,robot,1213.922119140625,665.940673828125,142.76806640625,201.50726318359372,0.9279857277870178,orange,0.16155347929159114,ball,0.238037109375,-0.2584228515625,0.3513460340594435,-0.8264373163355774,2.6006876645572383,655.79706,23.210646
4,3,0,robot,139.4021759033203,811.1883544921875,181.4177398681641,200.2769775390625,0.9153340458869934,unknown,0.004585635359116022,unknown,-2.152618408203125,2.4442138671875,3.2569844089105846,2.2928453687090826,0.005803249594132254,83.98753,467.86188
4,4,1,ball,723.7518310546875,790.8614501953125,22.6981201171875,25.693603515625,0.8833195567131042,orange,0.7692307692307693,ball,0.340087890625,-0.0213623046875,0.34075815677885624,-0.06273165215687604,2.638406099190875,406.0071,302.06744
5,0,0,robot,411.2227478027344,1108.0205078125,282.80340576171875,329.6414794921875,0.9523040652275084,orange,0.16494271335260735,ball,-8.26898193359375,-1.1964111328125,8.355085985004434,-2.99790316220715,0.21556944046848558,490.09543,464.49432
5,1,0,robot,827.726806640625,569.3909912109375,93.01251220703124,137.4158935546875,0.9284114241600036,orange,0.09740208774821442,ball,-1.1058349609375,0.98443603515625,1.480535466696357,2.4142074015162622,0.2700294592266115,148.40164,80.839325
5,2,0,robot,1214.11083984375,665.7203369140625,143.4544677734375,201.85357666015625,0.9259436130523682,orange,0.15587183718371836,ball,0.188720703125,-0.2203369140625,0.29011008167001007,-0.8625351680643563,0.036097851728778885,655.7763,22.848185
5,3,0,robot,136.75425720214844,811.093994140625,184.45166015625,198.9486083984375,0.9200980067253112,unknown,0.004943194232029714,unknown,-2.647918701171875,-0.0943603515625,2.6495994648177956,-3.105972058756469,0.8843678797140342,82.40277,468.50302
5,4,1,ball,724.01220703125,791.1768798828125,22.5133056640625,25.39434814453125,0.8880945444107056,orange,0.8041958041958042,ball,0.2603759765625,0.3154296875,0.40901288112628337,0.880720021485522,0.943451673642398,406.5037,302.14728
6,0,0,robot,401.3634033203125,1108.522705078125,282.37646484375,331.626708984375,0.957709789276123,orange,0.17052939480960363,ball,-9.859344482421875,0.502197265625,9.872126200402013,3.090700464408109,0.1945816805643279,486.2069,466.337
6,1,0,robot,827.1961669921875,568.9552612304688,93.27728271484376,138.84912109375,0.9348157644271852,orange,0.10542309490416082,ball,-0.5306396484375,-0.43572998046875,0.6866141947070209,-2.4540931223285254,1.4148847833347986,146.89665,80.52805
6,2,0,robot,1213.451904296875,665.9476318359375,143.63720703125,201.79827880859372,0.9343443512916564,orange,0.16056221006716057,ball,-0.658935546875,0.227294921875,0.6970358932261793,2.8094304240326773,2.6112197150825525,655.376,23.428175
6,3,0,robot,132.10292053222656,814.923095703125,187.8622589111328,197.81646728515625,0.9375020265579224,unknown,0.005507199656135826,unknown,-4.651336669921875,3.8291015625,6.024695145225181,2.4528490521542743,0.7243641962688425,85.233215,470.46387
6,4,1,ball,723.80029296875,791.014892578125,22.68743896484375,25.33380126953125,0.88947594165802,orange,0.7692307692307693,ball,-0.2119140625,-0.1619873046875,0.26673480606245387,-2.4889384823373795,2.913526803356685,406.19836,302.1294
7,0,0,robot,391.6853332519531,1109.4013671875,281.8578491210937,335.68194580078125,0.9585070610046388,orange,0.1768180374722134,ball,-9.678070068359375,0.878662109375,9.717874631344293,3.0510518941232694,0.03964857028483948,482.62994,468.1997
7,1,0,robot,826.1468505859375,570.1490478515625,94.470947265625,138.22308349609375,0.933211386203766,orange,0.10175763182238667,ball,-1.04931640625,1.19378662109375,1.5893997033873661,2.291876915067961,1.5372152697830996,148.60764,82.64469
7,2,0,robot,1213.3046875,665.888671875,143.4522705078125,202.61859130859372,0.9379257559776306,orange,0.15391539153915393,ball,-0.147216796875,-0.0589599609375,0.15858455875616181,-2.76065746003716,0.7130974231097493,655.19073,23.419033
7,3,0,robot,128.06602478027344,820.182861328125,185.14065551757807,194.658935546875,0.9420658946037292,unknown,0.005789909015715467,unknown,-4.036895751953125,5.259765625,6.630359096011982,2.225406749670312,0.22744230248396224,90.339935,472.54156
7,4,1,ball,723.646728515625,791.0120849609375,22.3148193359375,25.16357421875,0.8854001760482788,orange,0.7759197324414716,ball,-0.153564453125,-0.0028076171875,0.15359011679744197,-3.123311701447534,0.6343732191101545,406.09653,302.1734
8,-1,1,ball,4.862955093383789,1091.23974609375,10.262348175048828,9.1912841796875,0.2606638371944427,unknown,0.0,ball,-89.90893816947937,37.54071044921875,97.43162784124746,2.746056368634159,2.7604707790047254,310.14777,533.6656
8,0,0,robot,380.0491943359375,1110.5458984375,282.8499755859375,336.447509765625,0.9596682786941528,orange,0.17784161458004505,ball,-11.636138916015625,1.14453125,11.692291505733161,3.043547972449139,0.007503921674130165,478.3979,470.4442
8,1,0,robot,825.5490112304688,570.4473266601562,94.308837890625,137.3729248046875,0.9352992177009584,orange,0.09573568958893584,ball,-0.59783935546875,0.29827880859375,0.6681183597263267,2.6788029926564576,0.3869260775884964,148.71132,83.34088
8,2,0,robot,1213.1453857421875,665.2261962890625,144.061279296875,203.35748291015625,0.9304178953170776,orange,0.15212780514504654,ball,-0.1593017578125,-0.6624755859375,0.681359634851806,-1.8067803165813165,0.9538771434558435,654.4662,22.651628
8,3,0,robot,119.42132568359376,825.40576171875,190.64212036132807,191.86962890625,0.9331231117248536,unknown,0.005671902268760907,unknown,-8.644699096679673,5.222900390625,10.099975790195002,2.598109859554676,0.37270310988436384,92.83979,475.70148
8,4,1,ball,723.6038208007812,791.227294921875,22.4239501953125,24.9947509765625,0.8883155584335327,orange,0.8,ball,-0.04290771484375,0.2152099609375,0.21944566361592302,1.767591875807492,1.3922817299245605,406.29324,302.293
9,0,0,robot,366.6353454589844,1110.7596435546875,280.7880249023437,335.93975830078125,0.9578293561935424,orange,0.17408066429418742,ball,-13.413848876953125,0.2137451171875,13.415551746717616,3.1256593423538748,0.08211136990473555,472.87317,472.85834
9,1,0,robot,824.655029296875,571.7865600585938,94.54559326171876,136.9996337890625,0.9391695261001588,orange,0.08774490971955436,ball,-0.89398193359375,1.3392333984375,1.6102017864486662,2.1593981733321326,0.519404819324325,150.88687,85.55278
9,2,0,robot,1212.86279296875,666.1978149414062,144.4920654296875,201.541259765625,0.93569678068161,orange,0.147002200220022,ball,-0.2825927734375,0.97161865234375,1.0118801713549797,1.8538352475426567,2.622569743055613,655.05945,24.005383
9,3,0,robot,113.60357666015624,829.032958984375,195.22537231445312,196.83740234375,0.9393276572227478,unknown,0.006070120355834641,unknown,-5.817749023437528,3.627197265625,6.855856161229303,2.5840936658244855,0.014016193730190363,94.651024,477.8205
9,4,1,ball,723.871826171875,791.0947265625,22.5538330078125,24.85626220703125,0.8877949714660645,orange,0.8363636363636363,ball,0.26800537109375,-0.132568359375,0.29900041612425526,-0.45935696525585384,2.226948841063346,406.32767,302.14795
10,0,0,robot,352.75738525390625,1110.3994140625,284.19989013671875,333.3397216796875,0.9450058937072754,orange,0.16102017510468214,ball,-13.877960205078125,-0.3602294921875,13.88263464695278,-3.1156415327884606,0.041884432037250896,466.8173,475.2659
10,1,0,robot,822.5576171875,574.4779663085938,95.97943115234376,134.19754028320312,0.9297916293144226,orange,0.08024691358024691,ball,-2.097412109375,2.69140625,3.4121555004266657,2.232787077145807,0.07338890381367458,154.92752,90.101616
10,2,0,robot,1213.3642578125,665.4818115234375,144.6588134765625,202.8013916015625,0.92162024974823,orange,0.1485986071003907,ball,0.50146484375,-0.71600341796875,0.8741440865556115,-0.9598243979439335,2.8136596454865903,654.8891,22.878033
10,3,0,robot,109.89418029785156,834.2488403320312,194.33511352539065,201.5966796875,0.9282118678092957,unknown,0.005639481473920588,unknown,-3.7093963623046733,5.21588134765625,6.4003937070704895,2.188981957776414,0.3951117080480717,99.69056,479.71
10,4,1,ball,723.6988525390625,790.9561767578125,22.6729736328125,25.04937744140625,0.8854872584342957,orange,0.7704347826086957,ball,-0.1729736328125,-0.1385498046875,0.2216211317255148,-2.466249560901383,2.006892595645529,406.0718,302.13022
11,0,0,robot,337.2008056640625,1109.806396484375,281.5868530273437,335.241943359375,0.9175261855125428,orange,0.14768709643272998,ball,-15.55657958984375,-0.593017578125,15.5678784162489,-3.10349105295202,0.012150479836440464,459.92255,477.9339
11,1,0,robot,821.087158203125,575.3676147460938,97.07098388671876,132.76260375976562,0.9104896187782288,orange,0.08541973490427099,ball,-1.470458984375,0.8896484375,1.7186401505479114,2.5974944601418932,0.36470738299608607,155.51347,91.97724
11,2,0,robot,1213.326416015625,666.6241455078125,143.154052734375,198.98486328125,0.9079424738883972,orange,0.1488913096953298,ball,-0.037841796875,1.142333984375,1.142960600129677,1.603910953702581,2.5637353516465144,655.852,24.337242
11,3,0,robot,105.47531127929688,838.876708984375,194.37643432617188,203.31756591796875,0.904456615447998,unknown,0.005530417295123178,unknown,-4.4188690185546875,4.62786865234375,6.398716407724945,2.333096388819851,0.14411443104343702,103.503044,481.63086
11,4,1,ball,723.2208251953125,790.998291015625,22.73004150390625,25.05950927734375,0.8836567401885986,orange,0.7775919732441472,ball,-0.47802734375,0.0421142578125,0.47987889314261195,3.053719429220207,0.7632163170579958,405.8078,302.29248
12,0,0,robot,321.4901123046875,1111.1156005859375,284.0969543457031,333.51922607421875,0.9283540844917296,orange,0.11910915012081101,ball,-15.710693359375,1.3092041015625,15.765148309224934,3.0584527077517563,0.12124154647580987,454.1563,480.88824
12,1,0,robot,819.6629638671875,575.8941650390625,96.60015869140624,133.69424438476562,0.9069743156433104,orange,0.07047238036621019,ball,-1.4241943359375,0.52655029296875,1.5184151993252482,2.7874607930634157,0.18996633292152243,155.3343,93.35752
12,2,0,robot,1213.1334228515625,666.364990234375,142.3525390625,200.82659912109372,0.8978915810585022,orange,0.151951510055357,ball,-0.1929931640625,-0.2591552734375,0.32312198489938815,-2.2108973731330623,2.468376980343943,655.451,24.096197
12,3,0,robot,100.10989379882812,846.4388427734375,192.1981506347656,205.28350830078125,0.9203539490699768,unknown,0.008282520325203251,unknown,-5.36541748046875,7.5621337890625,9.272193493634632,2.187877064999625,0.14521932382022573,110.59145,484.2778
12,4,1,ball,723.0880126953125,791.06298828125,22.4505615234375,24.92889404296875,0.8853124380111694,orange,0.8109090909090909,ball,-0.1328125,0.064697265625,0.14773251617569438,2.688292051522115,0.36542737769809186,405.78976,302.36386
13,-1,1,ball,97.99243927001952,892.095947265625,185.65513610839844,133.12774658203125,0.2655794024467468,unknown,0.01637157409653165,ball,18.625896835327147,-39.828759765625,43.96878594398666,-1.1333624565957385,2.4037664819496887,165.33784,492.45975
13,0,0,robot,303.8278503417969,1110.799560546875,283.1824951171875,333.5921630859375,0.8948967456817627,orange,0.09399928059076194,ball,-17.662261962890625,-0.3160400390625,17.6650892709905,-3.1237010428488214,0.10103155657900853,446.58725,483.9516
13,1,0,robot,818.2848510742188,575.665771484375,94.9615478515625,135.91339111328125,0.9018137454986572,orange,0.05820433436532508,ball,-1.37811279296875,-0.2283935546875,1.3969103356933548,-2.977356227387456,0.5183682867287143,153.52115,93.74888
13,2,0,robot,1213.131591796875,666.968994140625,142.081787109375,198.6212158203125,0.9024176597595216,orange,0.15407597097737943,ball,-0.0018310546875,0.60400390625,0.6040066816903,1.573827845398261,2.4984600886482626,655.97546,24.85754
13,3,0,robot,96.18523406982422,852.7232055664062,188.7561798095703,206.1590576171875,0.899409294128418,unknown,0.010402219140083218,unknown,-3.9246597290039062,6.28436279296875,7.409194942914851,2.1290446154817264,0.05883244951789868,116.64324,486.3099
13,4,1,ball,722.777099609375,791.1589965820312,22.61639404296875,25.204345703125,0.8829065561294556,orange,0.8017391304347826,ball,-0.3109130859375,0.09600830078125,0.3253990485943102,2.8420870201896276,0.1537949686675124,405.6897,302.50342
14,-1,0,robot,92.74192810058594,902.103271484375,173.10446166992188,120.45367431640624,0.3699690997600555,unknown,0.020472061657032754,unknown,-5.2505111694335795,10.00732421875,11.301079840419105,2.0539821182043596,3.095840732379488,174.13554,495.16696
14,0,0,robot,286.98980712890625,1109.9842529296875,283.5841369628906,332.138427734375,0.822962760925293,orange,0.06625445443746818,ball,-16.838043212890625,-0.8153076171875,16.857770485737905,-3.0932098739015146,0.030491168947306857,439.05966,486.79843
14,1,0,robot,815.2703247070312,575.58056640625,96.307861328125,136.94253540039062,0.8218634128570557,orange,0.04660888077858881,ball,-3.0145263671875,-0.085205078125,3.015730280347855,-3.1133353459772235,0.13597911858976763,150.47774,95.13364
14,2,0,robot,1213.0560302734375,666.0921630859375,143.15576171875,199.521728515625,0.8260548114776611,orange,0.1464236111111111,ball,-0.0755615234375,-0.8768310546875,0.8800808157712503,-1.6567596441477477,3.0525978176335773,655.14264,23.78636
14,3,0,robot,91.96172332763672,856.5220947265625,181.7453765869141,211.8609619140625,0.7531331181526184,unknown,0.011067131920212489,unknown,-4.2235107421875,3.79888916015625,5.680633929459446,2.4090746410387176,0.2800300255569912,119.294266,487.9491
14,4,1,ball,722.54931640625,791.1929931640625,22.78424072265625,25.26080322265625,0.8791492581367493,orange,0.8260869565217391,ball,-0.227783203125,0.03399658203125,0.23030622053190947,2.9934365450067486,0.15134952481712105,405.5785,302.5876
15,-1,1,ball,90.2062530517578,904.25390625,172.048583984375,130.534423828125,0.3374866843223572,unknown,0.02174684892597195,ball,-2.535675048828139,2.150634765625,3.324887644472289,2.4381731380989082,0.3841910198945486,175.3059,496.04428
15,0,0,robot,270.72686767578125,1109.1715087890625,280.9278259277344,332.83160400390625,0.8267121911048889,orange,0.04568625565066846,ball,-16.262939453125,-0.812744140625,16.283235326375713,-3.0916589660677483,0.001550907833766324,431.77985,489.54214
15,1,0,robot,812.387451171875,578.2841796875,96.93646240234376,136.15325927734375,0.849562406539917,orange,0.0508641600970285,ball,-2.88287353515625,2.70361328125,3.9522758752718268,2.388271674396343,0.7815782868060204,153.76549,99.96719
15,2,0,robot,1212.895263671875,666.5384521484375,143.6505126953125,199.20947265625,0.8535193800926208,orange,0.144821328866555,ball,-0.1607666015625,0.4462890625,0.4743625485692189,1.9165552912948527,2.7098703717369856,655.38617,24.42035
15,3,0,robot,88.62504577636719,863.0595703125,173.88442993164062,210.20513916015625,0.7670518755912781,unknown,0.013409961685823755,unknown,-3.3366775512695312,6.5374755859375,7.339755044814159,2.0427232122888994,0.3663514287498182,125.80084,489.82797
15,4,1,ball,722.2190551757812,791.26220703125,23.0401611328125,25.75439453125,0.8746602535247803,orange,0.7959866220735786,ball,-0.33026123046875,0.0692138671875,0.3374359787600926,2.935009371146145,0.0584271738606037,405.4381,302.7195
16,-1,0,robot,201.0998687744141,1016.2857055664062,394.6324768066406,519.5379638671875,0.267062246799469,orange,0.08109601635319777,ball,110.89361572265629,112.03179931640625,157.63412722540664,0.7905037889884089,1.6476693491104992,334.493,489.80545
16,-1,1,ball,84.30168151855469,914.844970703125,164.171630859375,123.42498779296876,0.3126438856124878,unknown,0.023800157356412274,ball,-116.7981872558594,-101.44073486328125,154.69983592705367,-2.42644858443067,3.0662329337605074,184.15724,498.887
16,0,0,robot,254.0746917724609,1109.332763671875,276.8437194824219,331.32000732421875,0.7682921886444092,unknown,0.03635229213187968,unknown,-16.65217590332034,0.1612548828125,16.65295665797379,3.1319092438353113,0.05961709727652664,424.97787,492.4738
16,1,0,robot,808.3693237304688,580.0164184570312,96.065673828125,135.8941650390625,0.8349606990814209,unknown,0.03952205882352941,unknown,-4.01812744140625,1.73223876953125,4.375614161469116,2.7345615745578264,0.34628990016148364,153.81604,104.0872
16,2,0,robot,1212.2021484375,665.5074462890625,144.4893798828125,200.42071533203125,0.848746657371521,orange,0.14483139856274185,ball,-0.693115234375,-1.031005859375,1.2423291875297358,-2.1626687535058555,2.2039612623788782,653.85516,23.426792
16,3,0,robot,83.48190307617188,867.7290649414062,164.9244384765625,218.931640625,0.7079741954803467,unknown,0.013394216133942162,unknown,-5.1431427001953125,4.66949462890625,6.946660847051383,2.404426246403804,0.36170303411490456,128.97174,491.7768
16,4,1,ball,722.0325317382812,791.2396240234375,22.45166015625,26.30548095703125,0.8770864009857178,orange,0.7902097902097902,ball,-0.1865234375,-0.0225830078125,0.18788556351853072,-3.0211057999568474,0.3270701360765944,405.29446,302.7634
17,-1,0,robot,246.3687744140625,1110.678955078125,253.5067138671875,325.0457763671875,0.3842023909091949,unknown,0.021331711766494375,unknown,162.0670928955078,195.833984375,254.19813539007106,0.8794667062627413,2.977270016486175,422.66455,493.98502
17,-1,0,robot,81.64431762695312,917.16162109375,160.21942138671875,131.94256591796875,0.3007869720458984,unknown,0.020359848484848484,unknown,-164.72445678710938,-193.517333984375,254.13206255061246,-2.2759941378196085,3.1277244630972367,185.40115,499.7888
17,-1,1,ball,81.59589385986328,920.52001953125,162.45774841308594,125.97509765625,0.3104214370250702,unknown,0.02225143636186581,ball,-0.04842376708984375,3.3583984375,3.3587475234410835,1.5852140359072031,2.4219771334527747,189.02141,500.2814
17,-1,1,ball,248.54759216308597,1165.39208984375,253.8218688964844,215.658203125,0.2702489793300628,unknown,0.032245610809817075,ball,166.95169830322268,244.8720703125,296.37003962185554,0.9723956418605307,0.6128183940466724,457.22226,500.04
17,0,0,robot,188.60107421875,1018.048828125,377.96337890625,514.8433227539062,0.7900195717811584,orange,0.06678092767586931,ball,-65.47361755371091,-91.283935546875,112.33677707899417,-2.1930074536460573,0.9582686096982176,330.3482,492.44705
17,1,0,robot,804.999755859375,581.2208251953125,94.63055419921876,137.48651123046875,0.8462581038475037,unknown,0.031375269811902556,unknown,-3.36956787109375,1.20440673828125,3.5783492324149337,2.798308261549566,0.06374668699173958,153.3142,107.207405
17,2,0,robot,1212.37060546875,666.14111328125,144.5458984375,199.13665771484372,0.8637565970420837,orange,0.14888234274822387,ball,0.16845703125,0.6336669921875,0.6556764662282127,1.3109614590318774,2.809555094641853,654.5631,24.152155
17,3,0,robot,77.0114974975586,876.45703125,156.2981719970703,210.88623046875,0.2554560899734497,unknown,0.01397339856291087,unknown,-6.470405578613281,8.72796630859375,10.8647845922364,2.208733069932811,0.19569317647099282,136.3686,494.64584
17,4,1,ball,721.8367919921875,791.3734130859375,22.82696533203125,25.71417236328125,0.8778493404388428,orange,0.8,ball,-0.19573974609375,0.1337890625,0.2370939928498287,2.542023268517622,0.7200562387051175,405.30807,302.88754
18,-1,0,robot,72.6698226928711,920.26025390625,144.88829040527344,123.66827392578124,0.2882860004901886,unknown,0.01657397107897664,unknown,-175.87776947021487,-245.1318359375,301.69953063256077,-2.193159315536951,3.1176303497821047,184.44577,502.13232
18,-1,0,robot,230.86557006835935,1150.8111572265625,248.39739990234372,238.4619140625,0.2864291667938232,unknown,0.030597722960151803,unknown,158.19574737548825,230.5509033203125,279.6061757356253,0.96941669966985,3.1206092919727855,441.556,501.34155
18,-1,1,ball,230.800048828125,1161.3780517578125,256.8070068359375,223.667724609375,0.3308636844158172,unknown,0.031512275130428716,ball,-0.06552124023434658,10.56689453125,10.567097665276071,1.5769968619046217,0.6075801622347717,447.86432,502.51962
18,0,0,robot,178.60430908203125,1024.220703125,360.2470092773437,503.30224609375,0.7736175656318665,orange,0.05265343869928064,ball,-9.99676513671875,6.171875,11.748504339461277,2.588486438991389,1.5016914145421403,330.92545,495.18726
18,1,0,robot,802.174560546875,575.4697265625,93.05902099609376,146.57672119140625,0.8289924263954163,unknown,0.034013605442176874,unknown,-2.8251953125,-5.7510986328125,6.407563034267379,-2.027414998134333,1.457462047495687,137.868,101.46332
18,2,0,robot,1212.3857421875,666.1026611328125,144.1278076171875,199.16485595703125,0.8454852104187012,orange,0.15403405918481294,ball,0.01513671875,-0.0384521484375,0.041324181467708894,-1.1957753581854267,2.506736817217304,654.5432,24.096947
18,3,1,ball,74.45037078857422,925.70361328125,149.3245086669922,129.87908935546875,0.3064179420471191,unknown,0.015384615384615385,ball,-2.561126708984375,49.24658203125,49.31313427252529,1.622755698702818,0.5859773712299932,191.16664,502.51917
18,4,1,ball,721.5399780273438,791.5877685546875,23.1793212890625,25.64544677734375,0.873461127281189,orange,0.8,ball,-0.29681396484375,0.21435546875,0.3661240182087199,2.51613013756409,0.025893130953531962,405.34067,303.08133
19,-1,0,robot,210.93585205078125,1160.670166015625,255.56195068359372,226.0394287109375,0.3364896774291992,unknown,0.027585730088495575,unknown,-19.86419677734375,-0.7078857421875,19.87680597664087,-3.105971464371718,1.6002169809032463,439.61597,505.71335
19,0,0,robot,170.34849548339844,1028.054443359375,342.1969299316406,491.3522338867188,0.545141339302063,unknown,0.03610852824070763,unknown,-8.255813598632812,3.833740234375,9.10252834986171,2.7068542900968597,0.11836785110547066,330.37875,497.25415
19,1,0,robot,798.0670166015625,576.3511352539062,95.3331298828125,146.6068115234375,0.7118920683860779,unknown,0.025368480725623584,unknown,-4.1075439453125,0.88140869140625,4.201047315129866,2.9302151991970096,1.3255551098482439,135.99701,104.584435
19,2,0,robot,1212.521484375,665.447265625,143.5106201171875,199.24798583984372,0.725687563419342,orange,0.16470464209157676,ball,0.1357421875,-0.6553955078125,0.6693050224883196,-1.3665689527863856,0.1707935946009589,654.09265,23.208815
19,4,1,ball,721.3375244140625,791.51416015625,23.39898681640625,26.1964111328125,0.8740494251251221,orange,0.7954911433172303,ball,-0.20245361328125,-0.0736083984375,0.21541973412658294,-2.7928700632613976,0.9741851063540992,405.13367,303.10464
20,-1,0,robot,188.6950836181641,1157.025634765625,264.0345153808594,226.7071533203125,0.5362000465393066,unknown,0.02654867256637168,unknown,-22.24076843261716,-3.64453125,22.537399772500965,-2.979169064412181,0.12680239995953668,428.65414,508.98965
20,-1,0,robot,34.004276275634766,822.9619750976562,66.04024505615234,76.3681640625,0.3754104077816009,unknown,0.0,unknown,-154.69080734252933,-334.06365966796875,368.14097107906906,-2.004455965109654,0.974713099302527,43.898174,495.89218
20,0,0,robot,164.35806274414062,1031.6585693359375,324.170166015625,485.7216796875,0.7782267928123474,unknown,0.016638723771782757,unknown,-5.9904327392578125,3.6041259765625,6.991066332005759,2.5999629927485395,0.10689129734832026,330.64563,498.84677
20,1,0,robot,794.125732421875,579.210693359375,95.77789306640624,141.25656127929688,0.8803979754447937,unknown,0.026965130023640663,unknown,-3.9412841796875,2.85955810546875,4.869373013397823,2.5139308013411408,0.4162843978558688,138.73195,110.03214
20,2,0,robot,1212.92333984375,665.5275268554688,143.5201416015625,200.258056640625,0.8894040584564209,orange,0.15813294637921504,ball,0.40185546875,0.08026123046875,0.40979224355841587,0.1971326709995034,1.563701623785889,654.52826,23.131802
20,3,0,robot,69.38925170898438,940.5361328125,140.126708984375,134.74725341796875,0.2992082238197326,unknown,0.01321609379163336,unknown,-2.530559539794922,7.416259765625,7.836111312103426,1.8996260016069744,0.2768703029041564,204.37405,505.59027
20,4,1,ball,721.33154296875,791.560302734375,22.98358154296875,26.05487060546875,0.8732748031616211,orange,0.81438127090301,ball,-0.0059814453125,0.046142578125,0.04652864928243841,1.699707098478888,1.7906081454393004,405.17795,303.12924
21,-1,0,robot,28.63601303100586,828.7875366210938,55.239776611328125,71.2298583984375,0.2977156937122345,unknown,0.0,unknown,-5.368263244628906,5.8255615234375,7.921831690145223,2.315364466427104,1.963364875642828,49.309326,498.138
21,0,0,robot,156.46315002441406,1026.6400146484375,312.1325988769531,488.53460693359375,0.8294297456741333,unknown,0.011766858098616856,unknown,-7.8949127197265625,-5.0185546875,9.354973971290807,-2.5753577013102626,1.1078646131207837,323.12387,499.68793
21,1,0,robot,791.75439453125,580.6534423828125,97.27947998046876,143.44448852539062,0.8403434157371521,unknown,0.024799942325715522,unknown,-2.371337890625,1.4427490234375,2.7757464106333063,2.5950112395591862,0.08108043821804545,139.74059,112.93448
21,2,0,robot,1212.760498046875,666.832763671875,143.7703857421875,198.4774169921875,0.8499035835266113,orange,0.15172558922558924,ball,-0.162841796875,1.30523681640625,1.3153556924694558,1.6949153474067697,1.4977826764072664,655.5205,24.850492
21,4,1,ball,721.091796875,791.410400390625,23.468994140625,26.64215087890625,0.8711393475532532,orange,0.7762345679012346,ball,-0.23974609375,-0.14990234375,0.28275236892045125,-2.582810288641832,2.0006679200588664,404.8673,303.12585
22,-1,0,robot,161.2431182861328,1159.6065673828125,268.8766784667969,217.6552734375,0.3244805932044983,unknown,0.024035084713823172,unknown,132.60710525512695,330.81903076171875,356.40689594656743,1.1895618416811715,1.1258026247459323,419.47623,513.75037
22,-1,0,robot,26.918081283569336,831.8424072265625,51.44937515258789,61.303955078125,0.3192240595817566,unknown,0.0,unknown,-134.32503700256348,-327.76416015625,354.2210612720141,-1.9597413557476788,3.133882109750736,52.683468,499.041
22,0,0,robot,151.38058471679688,1028.9449462890625,298.56573486328125,484.1284790039063,0.8358661532402039,unknown,0.01135327123469416,unknown,-5.0825653076171875,2.304931640625,5.580786680580799,2.7158338535906745,0.991993752278649,322.7668,500.93652
22,1,0,robot,789.2900390625,581.8681030273438,96.32000732421876,143.34786987304688,0.8786752820014954,unknown,0.02228009259259259,unknown,-2.46435546875,1.21466064453125,2.7474439680785308,2.6836477437403063,0.08863650418112012,140.15062,115.585815
22,2,0,robot,1213.0068359375,664.9771118164062,144.2462158203125,202.8883056640625,0.8786676526069641,orange,0.14799917491749176,ball,0.246337890625,-1.85565185546875,1.8719311325639598,-1.4388179257795046,3.1337332731862744,654.1217,22.39754
22,4,1,ball,720.94287109375,791.3125,23.36962890625,26.6895751953125,0.866854190826416,orange,0.779320987654321,ball,-0.14892578125,-0.097900390625,0.17822282346952772,-2.560048926790898,0.022761361850934136,404.66928,303.12134
23,0,0,robot,147.9340057373047,1029.9827880859375,292.8122253417969,479.166259765625,0.8894726634025574,unknown,0.010859018264840183,unknown,-3.4465789794921875,1.037841796875,3.5994474933270157,2.849106542414118,0.13327268882344345,322.09973,501.71332
23,1,0,robot,785.5354614257812,582.7616577148438,96.681396484375,140.361572265625,0.8909313082695007,unknown,0.023122238586156113,unknown,-3.75457763671875,0.8935546875,3.8594420852892424,2.907948372732657,0.2243006289923506,138.65858,118.45665
23,2,0,robot,1212.993896484375,665.2898559570312,143.9161376953125,201.7633056640625,0.8950814008712769,orange,0.14844609460946095,ball,-0.012939453125,0.312744140625,0.31301170416207097,1.612146669645026,3.0509645954245306,654.3842,22.79962
23,4,1,ball,720.8242797851562,791.2548217773438,23.4210205078125,26.65478515625,0.8680480122566223,orange,0.7932098765432098,ball,-0.11859130859375,-0.05767822265625,0.13187371171981926,-2.688915417972478,0.12886649118158022,404.5327,303.1278
24,-1,0,robot,26.85514640808105,841.681396484375,51.1128044128418,97.46197509765624,0.2781924605369568,unknown,0.0,unknown,-0.0314674377441424,4.91949462890625,4.919595268258927,1.5771927172710933,2.7462512341608143,66.18097,500.62207
24,0,0,robot,143.49456787109375,1032.253173828125,281.95831298828125,473.09716796875,0.6425186395645142,unknown,0.01014949628704491,unknown,-4.4394378662109375,2.2703857421875,4.986307249485916,2.6688564759643363,0.1802500664497817,321.99994,502.82614
24,1,0,robot,781.0496826171875,584.4114990234375,98.06640625,141.53277587890625,0.8101943135261536,unknown,0.025980605007960633,unknown,-4.48577880859375,1.64984130859375,4.779559379605101,2.7891547302915516,0.11879364244110535,138.1709,122.54925
24,2,0,robot,1212.9049072265625,664.9638061523438,142.939208984375,202.5908203125,0.8098851442337036,orange,0.1361213044381361,ball,-0.0889892578125,-0.3260498046875,0.33797568424781166,-1.8372384418330416,2.8338001957015186,654.0173,22.426018
24,3,0,robot,67.13943481445312,910.474853515625,130.72125244140625,224.16180419921875,0.3566453158855438,unknown,0.006276505513146734,unknown,-0.5624542236328125,-7.51531982421875,7.536337758751112,-1.6454980848518739,2.7380612207207378,171.00984,501.92227
24,4,1,ball,720.760009765625,791.2156982421875,23.4462890625,27.04119873046875,0.8679059147834778,orange,0.7922705314009661,ball,-0.06427001953125,-0.03912353515625,0.07524152054331162,-2.594773685866584,0.09414173210589416,404.4505,303.1274
25,-1,0,robot,142.60813903808594,1107.8328857421875,271.0484313964844,316.1581420898437,0.3711914122104645,unknown,0.01604465411742725,unknown,115.75299263000488,266.1514892578125,290.2333036316705,1.1605585402659513,0.41663417700514205,378.17505,511.60806
25,-1,0,robot,66.31269836425781,973.5223388671876,128.20877075195312,139.4091796875,0.2935695648193359,unknown,0.012084082733812949,unknown,-76.29544067382812,-134.3105468749999,154.46785189635793,-2.087393694375415,3.0352330725382197,235.8035,510.41898
25,-1,0,robot,144.1122589111328,1160.17333984375,264.0907897949219,212.4910888671875,0.2855357825756073,unknown,0.02176243567753002,unknown,77.799560546875,186.6510009765624,202.21614126186753,1.1758759768724203,3.019915635931751,413.1405,516.6002
25,-1,0,robot,21.13637351989746,826.3828125,39.639835357666016,61.84332275390625,0.2542254328727722,unknown,0.0,unknown,-122.97588539123535,-333.79052734375,355.7234663782767,-1.9237878434841114,3.0996638203565317,41.976322,499.53006
25,0,0,robot,140.46261596679688,1033.361328125,278.7274780273437,468.3624877929688,0.7553896903991699,unknown,0.01095138745596136,unknown,-3.031951904296875,1.108154296875,3.228116834262969,2.791183669677575,0.12232719371323864,321.5744,503.5283
25,1,0,robot,778.016845703125,584.14208984375,96.00811767578124,144.96185302734375,0.9076679348945618,unknown,0.02420977011494253,unknown,-3.0328369140625,-0.2694091796875,3.044779311116003,-3.052994454490142,0.44103612239789314,134.79298,123.679054
25,2,0,robot,1212.7952880859375,665.8868408203125,142.141845703125,201.2646484375,0.906505823135376,orange,0.13272207502440383,ball,-0.109619140625,0.92303466796875,0.9295210348687888,1.6890021888770972,2.7569446764694474,654.7264,23.642836
25,3,0,robot,67.78583526611328,931.555908203125,133.8489532470703,226.45416259765625,0.5843896269798279,unknown,0.007068183312512328,unknown,0.6464004516601562,21.0810546875,21.090962526192875,1.5401433070910162,3.097543915236696,194.21873,504.71628
25,4,1,ball,720.7772827148438,791.1577758789062,23.3607177734375,26.783203125,0.8647903800010681,orange,0.7874396135265701,ball,0.01727294921875,-0.05792236328125,0.06044298919476612,-1.2809837904348054,1.3137898954317786,404.4011,303.09363
26,-1,0,robot,138.76129150390625,1154.2335205078125,262.531494140625,219.805908203125,0.5370726585388184,unknown,0.02334946422398894,unknown,117.62491798400879,327.8507080078125,348.3126585009059,1.2263248667605031,3.133072596934972,407.32056,516.9075
26,-1,0,robot,66.07415771484375,871.3009033203125,132.157470703125,138.42840576171875,0.3437665998935699,unknown,0.0,unknown,-72.6871337890625,-282.9326171875,292.12032672691146,-1.8222642742367836,3.0485891409972865,124.551994,496.29053
26,-1,0,robot,74.75978088378906,986.8663330078124,139.7257080078125,130.23663330078125,0.3295007646083832,unknown,0.008956043956043956,unknown,8.685623168945312,115.56542968749989,115.8913654621836,1.4957797381123148,2.965141294830488,252.20282,510.38397
26,-1,0,robot,31.249868392944336,887.2344970703125,62.175106048583984,132.96392822265625,0.2569276690483093,unknown,0.007276255154014068,unknown,-43.50991249084473,-99.63183593749989,108.71805377782414,-1.9825409098241296,2.804864659243142,126.553825,506.39758
26,0,0,robot,135.84791564941406,1035.072998046875,275.5573425292969,458.737548828125,0.748979926109314,unknown,0.012080451343511937,unknown,-4.6147003173828125,1.711669921875,4.921917608077628,2.786406562807862,0.004777106869712888,320.9493,504.5961
26,1,0,robot,773.5555419921875,586.0498657226562,95.955078125,145.0986328125,0.8954647779464722,unknown,0.02514367816091954,unknown,-4.4613037109375,1.90777587890625,4.852096413444525,2.7374986485433532,0.49269220414609105,134.91545,128.01424
26,2,0,robot,1212.768310546875,666.4814453125,141.7921142578125,200.19232177734372,0.8977689743041992,orange,0.13250648167612641,ball,-0.0269775390625,0.5946044921875,0.595216170599744,1.6161357940676333,0.07286639480946389,655.2213,24.404799
26,3,0,robot,66.93302917480469,932.6356201171876,132.72720336914062,226.59039306640625,0.4485205709934234,unknown,0.005439861166733413,unknown,-0.8528060913085938,1.0797119140626137,1.375883733002827,2.239315040111357,0.6991717330203406,194.95535,505.03964
26,4,1,ball,720.8387451171875,791.3364868164062,23.30059814453125,26.558837890625,0.8652355670928955,orange,0.7809983896940419,ball,0.06146240234375,0.1787109375,0.1889847244726248,1.239547538992718,2.5205313294275236,404.62732,303.16397
27,0,0,robot,134.72476196289062,1032.831787109375,271.39630126953125,459.04736328125,0.8712659478187561,unknown,0.012313402727346082,unknown,-1.1231536865234375,-2.2412109375,2.506890637806288,-2.035353108116495,1.4614256362552291,318.6452,504.5331
27,1,0,robot,769.53125,586.656494140625,96.66131591796876,146.2188720703125,0.8959393501281738,unknown,0.024219742974156192,unknown,-4.0242919921875,0.60662841796875,4.069757250238853,2.991977454215904,0.25447880567255066,132.58107,130.61275
27,2,0,robot,1212.685302734375,666.318603515625,142.1119384765625,200.11199951171875,0.8951011300086975,orange,0.1319718309859155,ball,-0.0830078125,-0.162841796875,0.1827778644844991,-2.042209610033615,2.624839903078338,655.00385,24.236393
27,3,0,robot,66.85131072998047,968.718505859375,129.40248107910156,159.416259765625,0.4388919770717621,unknown,0.009095307208514756,unknown,-0.08171844482421875,36.082885742187386,36.0829782776862,1.5730610654218355,0.6662539746895213,231.41885,509.72098
27,4,1,ball,720.7171630859375,790.94873046875,23.39031982421875,26.78204345703125,0.8648475408554077,orange,0.8010033444816054,ball,-0.12158203125,-0.38775634765625,0.4063707364840517,-1.874639907513228,3.1141874465059463,404.1439,303.00784
28,-1,0,robot,134.3235626220703,1097.72802734375,261.3224792480469,319.44146728515625,0.2530336380004883,unknown,0.015758056186118016,unknown,51.53684711456299,105.24676513671875,117.18757691092293,1.1154417298946855,3.097982639718815,367.7117,511.97092
28,0,0,robot,133.30836486816406,1033.519775390625,268.4145202636719,452.95849609375,0.8257595300674438,unknown,0.010806892688873514,unknown,-1.4163970947265625,0.68798828125,1.5746455490322817,2.689425093939566,1.5584071051235249,318.58704,504.8804
28,1,0,robot,764.2207641601562,588.9771728515625,99.380615234375,145.1768798828125,0.920607089996338,unknown,0.0233845302338453,unknown,-5.31048583984375,2.3206787109375,5.795412801050458,2.729602530541393,0.262374923674511,132.84824,135.74214
28,2,0,robot,1212.29638671875,666.327392578125,142.4224853515625,200.15618896484372,0.9272421598434448,orange,0.13244755244755244,ball,-0.388916015625,0.0087890625,0.3890153143891049,3.1189976295030943,1.1219780676428766,654.65857,24.419878
28,3,0,robot,68.73927307128906,961.3841552734376,133.29946899414062,181.756591796875,0.4364034235477447,unknown,0.005358700618950692,unknown,1.8879623413085938,-7.334350585937386,7.573447056634087,-1.3188523243007433,2.891913389722579,225.11969,508.42636
28,4,1,ball,720.6468505859375,790.8695068359375,23.28631591796875,26.90509033203125,0.8698305487632751,orange,0.7681159420289855,ball,-0.0703125,-0.0792236328125,0.10592559488744836,-2.296673044121578,0.42203313660835007,404.01578,302.98935
29,-1,0,robot,134.35784912109375,1143.6680908203125,260.231689453125,217.27001953125,0.5380642414093018,unknown,0.02197802197802198,unknown,0.0342864990234375,45.9400634765625,45.940076271101326,1.5700499958135528,0.45460826591886727,398.832,516.61664
29,-1,0,robot,69.31558990478516,877.9132080078125,139.79396057128906,130.68280029296875,0.3605943620204925,unknown,0.0,unknown,-65.0422592163086,-265.7548828125,273.59852562221,-1.8108233105536264,2.9023120008124073,134.26152,496.59732
29,-1,0,robot,10.124303817749023,830.299560546875,20.280712127685547,53.61822509765625,0.3389121890068054,unknown,0.0,unknown,-59.19128608703613,-47.6136474609375,75.96491146030381,-2.464172722229915,0.6533494116762886,41.746307,502.76294
29,-1,0,robot,70.25382995605469,985.4622802734376,125.27999877929688,123.902099609375,0.3344290852546692,unknown,0.0022113821138211383,unknown,60.129526138305664,155.1627197265626,166.40621835304415,1.2010897799055331,2.617922805044138,248.86943,511.09244
29,-1,0,robot,19.38414764404297,837.2703857421875,41.11962890625,66.61968994140625,0.3265013396739959,unknown,0.0,unknown,-50.86968231201172,-148.1918945312501,156.67980783523495,-1.9014621636418438,3.102551943547377,56.278927,501.6759
29,-1,0,robot,67.24767303466797,920.86181640625,131.2983856201172,55.6102294921875,0.2850075662136078,unknown,0.0,unknown,47.863525390625,83.5914306640625,96.32468190076608,1.0507759400153152,2.9522381036571588,182.49449,503.36136
29,-1,0,robot,30.128589630126957,866.1244506835938,56.712867736816406,54.8150634765625,0.2537553906440735,unknown,0.0,unknown,-37.119083404541016,-54.73736572265625,66.13626508239709,-2.166693573137912,3.065715794026359,99.93022,503.60028
29,0,0,robot,133.7156219482422,1026.986328125,265.5495300292969,457.89361572265625,0.7014396786689758,unknown,0.010496827881684106,unknown,0.407257080078125,-6.533447265625,6.546127977818379,-1.5085426929528631,2.0852175202871575,313.4253,504.00735
29,1,0,robot,759.7359619140625,588.845947265625,99.798095703125,148.34259033203125,0.9054366946220398,unknown,0.024662162162162164,unknown,-4.48480224609375,-0.1312255859375,4.486721669657277,-3.1123409389501977,0.4412418376879952,128.5072,137.69121
29,2,0,robot,1212.03173828125,665.8505859375,142.126708984375,200.82391357421875,0.9080843925476074,orange,0.13839254432065026,ball,-0.2646484375,-0.476806640625,0.5453286788857609,-2.0775034758130317,1.0866842018634602,654.00116,23.935938
29,3,0,robot,69.74952697753906,952.7222900390624,136.75155639648438,191.87506103515625,0.5853415727615356,unknown,0.0012925790754257907,unknown,1.01025390625,-8.661865234375227,8.720580387426722,-1.4546885321422713,0.13583620784152806,216.96936,507.11505
29,4,1,ball,720.7349853515625,790.99462890625,23.24383544921875,26.68182373046875,0.8714475035667419,orange,0.7976588628762542,ball,0.088134765625,0.1251220703125,0.15304662489274265,0.9571299631433574,3.0293822999146505,404.20337,303.02533
30,-1,0,robot,32.69486618041992,844.7041015625,64.5002212524414,85.15118408203125,0.5124498009681702,unknown,0.0,unknown,2.566276550292965,-21.42034912109375,21.573528496797305,-1.4515591020944238,0.7151344710434884,73.2789,499.73895
30,-1,0,robot,134.07748413085938,1130.424560546875,261.4716796875,237.24871826171875,0.4305185079574585,unknown,0.020146874094115374,unknown,101.38261795043945,285.720458984375,303.174233576547,1.2298237801262073,2.681382882220631,390.04123,515.3658
30,0,0,robot,132.35789489746094,1032.28076171875,269.1351013183594,438.3165893554688,0.6983224749565125,unknown,0.010722897747678416,unknown,-1.35772705078125,5.29443359375,5.465752448021378,1.8218309094535812,2.9528117047731417,317.16608,504.90738
30,1,0,robot,756.4188842773438,589.71044921875,97.62109375,146.10321044921875,0.919377624988556,unknown,0.025843807371840135,unknown,-3.31707763671875,0.864501953125,3.427880930688315,2.8866424787906837,0.2842018894387053,127.409935,140.20308
30,2,0,robot,1210.784423828125,665.3150634765625,141.4989013671875,200.740478515625,0.920286238193512,orange,0.1417560086889496,ball,-1.247314453125,-0.5355224609375,1.3574157989146414,-2.7360514170671615,0.6585479412541297,652.3977,23.81339
30,3,0,robot,71.30818939208984,957.4622192382812,140.7605743408203,181.9759521484375,0.5506598949432373,unknown,0.00015587249629802822,unknown,1.5586624145507812,4.739929199218864,4.989624969488273,1.2530982367080217,2.7077867688502932,222.42773,507.4104
30,4,1,ball,720.6964111328125,790.635009765625,22.99932861328125,26.87017822265625,0.8766792416572571,orange,0.7874396135265701,ball,-0.03857421875,-0.359619140625,0.36168203806110744,-1.6776518517853731,2.6347818149287305,403.80234,302.85843
31,-1,0,robot,32.961116790771484,843.8590087890625,63.700931549072266,85.13958740234375,0.3977112174034118,unknown,0.0,unknown,-101.11636734008789,-286.5655517578125,303.8821074007404,-1.9100131759912586,3.139836956117466,72.28069,499.54358
31,-1,0,robot,15.491381645202637,830.2579345703125,27.670900344848636,60.45916748046875,0.2716937363147735,unknown,0.0,unknown,-17.469735145568848,-13.60107421875,22.140028589870187,-2.4800680860622712,0.5700549100710126,44.491047,501.48868
31,-1,0,robot,135.91500854492188,1130.2969970703125,255.94134521484372,226.77508544921875,0.2682165801525116,unknown,0.0197721640969163,unknown,120.42362689971924,300.0390625,323.30371006464134,1.189118233031547,2.613998988085768,390.6902,515.045
31,0,0,robot,134.4920196533203,1028.3984375,268.4316711425781,438.6832275390625,0.8226541876792908,unknown,0.009729784657594567,unknown,2.134124755859375,-3.88232421875,4.430229092616389,-1.068181269200227,2.890012178653808,314.92526,504.03522
31,1,0,robot,750.8359375,591.553955078125,100.02130126953124,147.763427734375,0.9166519045829772,unknown,0.02585034013605442,unknown,-5.58294677734375,1.843505859375,5.879439477722594,2.8226620262592026,0.0639804525314811,126.42399,144.82709
31,2,0,robot,1210.3466796875,667.0146484375,141.2227783203125,198.38287353515625,0.9208396077156068,orange,0.14829142488716957,ball,-0.437744140625,1.6995849609375,1.7550524129200367,1.8228769994660743,1.72425689064635,653.4921,26.147003
31,3,0,robot,70.81009674072266,970.0704956054688,138.7871551513672,158.4329833984375,0.465657889842987,unknown,0.0006374647117748838,unknown,-0.4980926513671875,12.6082763671875,12.61811115978635,1.6102810082185102,0.3571827715104885,234.53702,509.10275
31,4,1,ball,720.7510986328125,790.6592407226562,23.22967529296875,26.9642333984375,0.8713278770446777,orange,0.7809983896940419,ball,0.0546875,0.02423095703125,0.0598152316295798,0.417084669898578,2.0947365216839513,403.8629,302.85428
32,-1,0,robot,136.64663696289062,1020.4974365234376,267.68377685546875,444.2942504882813,0.583804726600647,unknown,0.009611581029331313,unknown,0.73162841796875,-109.79956054687489,109.80199805299002,-1.5641331162447951,2.753251349276342,309.33823,502.6501
32,-1,0,robot,76.77445983886719,979.07470703125,148.78347778320312,135.84368896484375,0.429418683052063,unknown,0.002862218712988551,unknown,-59.87217712402344,-41.422729492187614,72.80467095010721,-2.5363556066294928,0.9722224903846977,245.83623,509.0399
32,-1,0,robot,39.02193832397461,846.6807861328125,74.75128936767578,91.66912841796876,0.4199620485305786,unknown,0.0,unknown,-37.75252151489258,-132.3939208984375,137.67135930030673,-1.8485769689242282,0.6877786377052646,79.187584,498.58304
32,-1,0,robot,20.30708122253418,829.16015625,37.04951858520508,62.91070556640625,0.3547999560832977,unknown,0.0,unknown,-18.71485710144043,-17.5206298828125,25.636270161976324,-2.3891399592267883,0.5405629903025602,45.46592,500.17426
32,0,0,robot,137.1355438232422,1081.53125,263.6945495605469,312.8050537109375,0.7976986169815063,unknown,0.013820311743634427,unknown,2.643524169921875,53.1328125,53.19853366585509,1.5210841801594746,2.5892654493597016,357.21234,509.72922
32,1,0,robot,747.805419921875,592.2509765625,98.82952880859376,148.49969482421875,0.9141511917114258,unknown,0.023184868822452714,unknown,-3.030517578125,0.697021484375,3.1096423815295777,2.915523500464479,0.09286147420527646,125.23196,146.98657
32,2,0,robot,1209.429931640625,667.136474609375,140.7464599609375,200.1793212890625,0.9148025512695312,orange,0.14638297872340425,ball,-0.916748046875,0.121826171875,0.92480732998979,3.0094772463810413,1.186600246914967,652.7688,26.704945
32,3,0,robot,77.12068176269531,936.3046875,150.99652099609375,221.42950439453125,0.6198234558105469,unknown,0.0017380360192981931,unknown,6.310585021972656,-33.76580810546875,34.35044803688716,-1.3860350594036244,2.9963160676221348,203.63063,503.42355
32,4,1,ball,720.8167724609375,790.5091552734375,23.21234130859375,26.87249755859375,0.8742322325706482,orange,0.7922705314009661,ball,0.065673828125,-0.15008544921875,0.1638251927140207,-1.1583218865629008,1.5754065564614788,403.7481,302.7604
33,-1,0,robot,39.179874420166016,848.8260498046875,78.3054428100586,99.64501953125,0.5270476937294006,unknown,0.0,unknown,18.872793197631836,19.6658935546875,27.25673664224824,0.8059745890791505,3.0880707588736476,82.11766,498.8865
33,-1,0,robot,141.65040588378906,1014.8182373046876,280.8294982910156,436.9900512695313,0.5061153173446655,unknown,0.00869728087819735,unknown,102.47053146362305,165.9921875000001,195.0733608914158,1.0177377580583853,0.21176316897923475,306.79257,500.98117
33,-1,0,robot,78.47371673583984,923.0377197265624,155.6958465576172,247.22052001953125,0.4974306225776672,unknown,0.00013007284079084288,unknown,-63.17668914794922,-91.78051757812523,111.42242798739022,-2.173657452438917,3.091790096682284,190.23436,501.29877
33,-1,0,robot,43.8253059387207,872.8397216796875,85.87117767333984,148.65252685546875,0.3850870132446289,unknown,0.0,unknown,-34.64841079711914,-50.197998046874886,60.99468320009521,-2.1749384317031417,0.0012809792642247686,115.24771,501.5242
33,-1,0,robot,27.91949462890625,1007.989013671875,54.688751220703125,80.90869140625,0.2801201343536377,unknown,0.0,unknown,-15.905811309814453,135.1492919921875,136.08205597878427,1.6879480912171705,2.4202987842592742,250.71523,521.7284
33,-1,0,robot,45.53091812133789,924.753173828125,89.85552215576172,240.52679443359372,0.2791503965854645,unknown,0.00023311110075061774,unknown,17.61142349243164,-83.23583984375,85.0785946753011,-1.3622869280087928,3.0502350192259633,176.34148,508.4488
33,-1,0,robot,34.31866836547852,914.6295166015624,62.736061096191406,46.692138671875,0.2525005936622619,unknown,0.0,unknown,-11.212249755859368,-10.123657226562614,15.106388722282434,-2.4071719055318592,1.0448849775230664,159.81467,509.4699
33,0,0,robot,141.46514892578125,1121.4501953125,264.000732421875,219.88323974609372,0.8546779155731201,unknown,0.01847239518472395,unknown,4.3296051025390625,39.9189453125,40.15305312434283,1.462758734100166,0.05832544605930856,387.003,513.2166
33,1,0,robot,743.3544311523438,593.265869140625,100.337646484375,147.40264892578125,0.918076753616333,unknown,0.024179969017309896,unknown,-4.45098876953125,1.014892578125,4.565228140150996,2.917410270606161,0.001886770141681815,123.471245,150.1319
33,2,0,robot,1209.308349609375,668.4400634765625,141.2073974609375,201.41864013671875,0.9221290946006776,orange,0.138915352316432,ball,-0.12158203125,1.3035888671875,1.3092463958239737,1.6637944530973177,1.3456827932837236,653.7978,28.3866
33,3,0,robot,77.55548095703125,978.0426025390624,150.98944091796875,139.11798095703125,0.6351030468940735,unknown,0.00023651844843897824,unknown,0.4347991943359375,41.737915039062386,41.74017970909308,1.5603793362338385,2.946414395637463,245.21776,508.75882
33,4,1,ball,720.5161743164062,790.3950805664062,23.341552734375,27.0997314453125,0.8759796619415283,orange,0.8132045088566827,ball,-0.30059814453125,-0.11407470703125,0.3215156034781139,-2.7788892820172717,1.620567395454371,403.435,302.7927
34,-1,0,robot,41.69607162475586,863.1787719726562,82.4225845336914,124.8284912109375,0.5957728624343872,unknown,0.0,unknown,7.377403259277337,-51.450744628906136,51.976967992745685,-1.4283793777359897,0.9787925277958696,102.03621,500.5419
34,-1,0,robot,141.5722198486328,1012.28076171875,283.8955993652344,428.81927490234375,0.4458278715610504,unknown,0.008650973439705834,unknown,99.87614822387695,149.10198974609375,179.46210834123755,0.9805922787193371,2.4089716564553267,304.61502,500.6704
34,-1,0,robot,40.21090316772461,834.2266235351562,77.7159194946289,69.49462890625,0.3119879066944122,unknown,0.0,unknown,-101.3613166809082,-178.05413818359375,204.8838515930176,-2.0883155526947226,3.0689078314140597,62.93933,496.2888
34,-1,0,robot,79.26879119873047,926.3099975585938,159.94895935058594,248.2374267578125,0.2927313446998596,unknown,0.0004057618178129438,unknown,39.05788803100586,92.0833740234375,100.02432898541672,1.1696391849864929,3.0252305694983708,194.11923,501.59235
34,-1,0,robot,30.02801322937012,1002.0399169921876,61.02177047729492,98.33447265625,0.2519623637199402,unknown,0.0,unknown,-49.24077796936035,75.72991943359386,90.33091891731458,2.147323124138159,0.9776839391516661,246.23953,520.70123
34,0,0,robot,146.1540985107422,1118.10107421875,262.0424499511719,214.25634765625,0.8461654782295227,unknown,0.01879860169793822,unknown,4.6889495849609375,-3.34912109375,5.762192318111792,-0.6202313237820573,2.082990057882223,386.6351,512.0755
34,1,0,robot,739.1827392578125,594.7760009765625,102.83197021484376,149.185791015625,0.9110170602798462,unknown,0.0226754414543559,unknown,-4.17169189453125,1.5101318359375,4.43661035305217,2.7942720366796094,0.12313823392655143,123.0443,153.65778
34,2,0,robot,1208.5753173828125,669.2147216796875,141.218994140625,201.94732666015625,0.9164080023765564,orange,0.1467593567867425,ball,-0.7330322265625,0.774658203125,1.0665043726342758,2.328592401634642,0.6647979485373243,653.81104,29.67191
34,3,0,robot,77.71341705322266,978.8987426757812,154.5181121826172,142.1241455078125,0.7316077947616577,unknown,0.0007269422989550204,unknown,0.15793609619140625,0.8561401367188637,0.8705858626127441,1.3883726362797852,0.17200669995405327,246.09671,508.83362
34,4,1,ball,720.4652709960938,790.37939453125,23.53271484375,27.28204345703125,0.8734631538391113,orange,0.8148148148148148,ball,-0.0509033203125,-0.01568603515625,0.05326537071832023,-2.8426724920369524,0.06378321001968068,403.38577,302.79996
35,-1,0,robot,82.05784606933594,928.752197265625,168.12860107421875,245.30230712890625,0.4715322256088257,unknown,0.0009589377919842636,unknown,52.02983283996582,-73.28771972656261,89.87877039698519,-0.9534307889418854,3.1007539130800446,198.04694,501.35022
35,-1,0,robot,50.80391311645508,926.384521484375,100.61100006103516,243.51824951171875,0.4655362665653229,unknown,0.0015890477936682558,unknown,-31.25393295288086,-2.36767578125,31.343487579213164,-3.065980986880933,2.112550197939048,180.61842,507.56284
35,-1,0,robot,85.08427429199219,977.994384765625,167.69021606445312,145.15020751953125,0.4410222768783569,unknown,0.0015900195694716242,unknown,34.28036117553711,51.60986328125,61.95741400538429,0.9844887057627252,2.2327156145359277,248.59552,507.27017
35,-1,0,robot,44.52106857299805,862.1614990234375,88.3009262084961,118.7293701171875,0.436737984418869,unknown,0.0,unknown,-40.56320571899414,-115.8328857421875,122.72991109572312,-1.9076379977369196,2.8921267034996445,102.17419,499.74435
35,-1,0,robot,36.58665466308594,994.9957275390624,69.0897216796875,109.3466796875,0.3204601407051086,unknown,0.00026350461133069827,unknown,-7.934413909912109,132.8342285156249,133.07098552815734,1.6304571372176524,2.745090172225014,242.66277,518.6892
35,0,0,robot,149.24337768554688,1113.1866455078125,256.1375732421875,210.01177978515625,0.6757954359054565,unknown,0.022358630952380953,unknown,3.0892791748046875,-4.9144287109375,5.804761439953303,-1.009602329418266,0.38937100563620886,384.55023,511.0345
35,1,0,robot,737.3060913085938,595.48779296875,102.9183349609375,149.271240234375,0.8996865153312683,unknown,0.013683456050042354,unknown,-1.87664794921875,0.7117919921875,2.0071012344795145,2.7790670447807395,0.015204991898869924,122.923645,155.26859
35,2,0,robot,1207.3935546875,669.654052734375,141.9464111328125,202.17620849609372,0.904878795146942,orange,0.15245432994003627,ball,-1.1817626953125,0.4393310546875,1.2607834245599423,2.785666329436404,0.4570739278017619,653.12897,30.735003
35,3,0,robot,143.20668029785156,1010.6181640625,278.8099670410156,424.3140258789063,0.6439976692199707,unknown,0.010137044064937803,unknown,65.4932632446289,31.71942138671875,72.77011215834762,0.45102169501759465,0.9373509412621905,303.9324,500.14307
35,4,1,ball,720.3417358398438,790.2155151367188,23.431884765625,27.3428955078125,0.8750383853912354,orange,0.8293075684380032,ball,-0.12353515625,-0.16387939453125,0.20522521965304608,-2.2167361649909183,0.6259363270460341,403.13443,302.75516
36,-1,0,robot,49.62767791748047,853.99267578125,99.195556640625,104.88739013671876,0.4922037124633789,unknown,0.0,unknown,13.041023254394531,-141.0030517578124,141.60483357759358,-1.4785711676738118,3.1090283048914644,94.264885,497.2962
36,-1,0,robot,54.8670654296875,925.505126953125,107.35870361328124,243.53509521484372,0.4668455719947815,unknown,0.0016765736930345985,unknown,5.239387512207031,71.512451171875,71.70412717628517,1.4976616095137631,2.976232777187575,181.60356,506.59625
36,-1,0,robot,35.60785675048828,980.2926025390624,67.39491271972656,131.0947265625,0.4014003872871399,unknown,0.0005696707303178763,unknown,-19.25920867919922,54.787475585937386,58.07395801931041,1.9088297455646666,0.4111681360509034,228.38791,517.2388
36,-1,0,robot,147.1949920654297,1007.826904296875,283.1733703613281,423.08599853515625,0.3604702055454254,unknown,0.011168750887569022,unknown,111.5871353149414,27.534301757812614,114.93400950582611,0.24191899599495512,1.6669107495697115,303.33624,499.01382
36,-1,0,robot,84.18596649169922,927.5770263671876,171.15382385253906,244.13824462890625,0.3358465135097503,unknown,0.0010607521697203472,unknown,-63.00902557373047,-80.24987792968739,102.0302906566513,-2.236423001143277,2.478341997138232,197.81863,500.73868
36,-1,0,robot,153.50831604003906,1115.5040283203125,252.60763549804688,198.12847900390625,0.3125855028629303,unknown,0.026555703418277156,unknown,69.32234954833984,187.9270019531249,200.30513275997703,1.2174026647343381,2.8293596413019713,387.8554,510.5501
36,0,0,robot,151.84791564941406,1065.7874755859375,260.1261291503906,298.705322265625,0.788665771484375,unknown,0.017198353485978903,unknown,2.6045379638671875,-47.399169921875,47.47067439259743,-1.5159025104952413,0.5063001810769752,351.73105,505.3209
36,1,0,robot,734.925537109375,596.348876953125,105.9649658203125,151.11944580078125,0.918131947517395,unknown,0.01530675996501312,unknown,-2.38055419921875,0.861083984375,2.5315023056606427,2.794518990099807,0.015451945319067573,122.68095,157.25885
36,2,0,robot,1205.95166015625,670.6188354492188,142.5013427734375,202.5386962890625,0.9172900319099426,orange,0.15173801429265246,ball,-1.44189453125,0.96478271484375,1.734896402126056,2.551902016206568,0.2337643132298357,652.6719,32.556793
36,3,0,robot,86.54605865478516,976.601318359375,169.08445739746094,144.58892822265625,0.6380709409713745,unknown,0.0017955519281779228,unknown,-56.660621643066406,-34.016845703125,66.0876072843384,-2.600907517882098,3.0519292128996924,247.94916,506.8064
36,4,1,ball,720.1546630859375,790.2528076171875,23.45843505859375,27.430908203125,0.876358687877655,orange,0.8009259259259259,ball,-0.18707275390625,0.03729248046875,0.19075362212440547,2.9448246036977084,1.121624538490959,403.053,302.829
37,-1,0,robot,53.951271057128906,850.185546875,104.47543334960938,101.28228759765624,0.5378447771072388,unknown,0.0,unknown,-99.55704498291016,-265.3184814453125,283.3822538589455,-1.9297738827387547,3.1360087597064936,91.51828,495.686
37,-1,0,robot,88.61235046386719,923.5126953125,174.66769409179688,248.92987060546875,0.5056359767913818,unknown,0.003947217441193345,unknown,34.66107940673828,73.3271484375,81.10648015797119,1.1292336537101053,3.05900753644886,195.61288,499.2277
37,-1,0,robot,53.94094467163086,929.224365234375,103.76696014404295,234.53094482421875,0.4152532815933227,unknown,0.006903353057199211,unknown,-34.67140579223633,5.711669921875,35.13871871463685,2.9783218913645393,1.849088237654434,185.16322,507.28546
37,-1,0,robot,150.94789123535156,1004.0293579101562,285.4018249511719,419.7044677734375,0.4036627411842346,unknown,0.01128038628038628,unknown,97.0069465637207,74.80499267578125,122.49952902293236,0.6568878964348499,2.3214339949296896,301.76736,497.78824
37,-1,0,robot,30.61990547180176,825.922607421875,55.45975112915039,60.31689453125,0.2622199654579162,unknown,0.0,unknown,-120.3279857635498,-178.10675048828125,214.94380364971659,-2.1649544689519096,2.8218423653867593,46.314224,497.19498
37,-1,0,robot,46.16967010498047,955.674072265625,87.6065673828125,172.664306640625,0.2589524388313293,unknown,0.010641093011035208,unknown,15.549764633178707,129.75146484375,130.67990591229452,1.4515224801371276,2.666708358090549,209.01366,512.24756
37,0,0,robot,160.74911499023438,1092.754638671875,257.861083984375,241.519775390625,0.79350745677948,unknown,0.020244730604138637,unknown,8.901199340820312,26.9671630859375,28.39822590600635,1.2519806990783342,2.7678832095735757,375.09225,506.8229
37,1,0,robot,734.7386474609375,596.7867431640625,104.82427978515624,151.58489990234375,0.9251348376274108,unknown,0.017293233082706767,unknown,-0.1868896484375,0.4378662109375,0.47608251319897854,1.974206732438469,0.8203122576613382,123.460655,157.80356
37,2,0,robot,1203.901611328125,674.5597534179688,144.3736572265625,198.951171875,0.9139237403869628,orange,0.1551856504745952,ball,-2.050048828125,3.94091796875,4.442244324000348,2.0504697016906777,0.5014323145158905,654.2431,38.252464
37,3,0,robot,88.1367416381836,976.3944091796876,170.94834899902344,143.917236328125,0.6919517517089844,unknown,0.0067413905133203375,unknown,1.5906829833984375,-0.2069091796873863,1.6040834648833773,-0.1293494311292052,2.471558086752893,248.47916,506.46606
37,4,1,ball,720.34814453125,790.0826416015625,23.61737060546875,27.634033203125,0.87375807762146,orange,0.8074534161490683,ball,0.1934814453125,-0.170166015625,0.25766556338382063,-0.7213703275201848,2.6169903759616933,402.99924,302.6873
38,-1,0,robot,43.96541213989258,987.633544921875,86.2676010131836,111.666015625,0.495265930891037,unknown,0.019903624554787346,unknown,-2.2042579650878906,31.95947265625,32.03539676111792,1.6396576867072306,0.18813520657010296,239.09354,516.4482
38,-1,0,robot,89.53595733642578,921.7177734375,176.0737762451172,251.28668212890625,0.3703432083129883,unknown,0.004276678596349067,unknown,45.5705451965332,-65.915771484375,80.13465866832915,-0.9659026732050301,2.6055603599122605,194.13448,498.7734
38,-1,0,robot,154.3502197265625,1002.4053344726562,298.6884765625,425.2935791015625,0.3358585834503174,unknown,0.010513476293527444,unknown,64.81426239013672,80.68756103515625,103.49575409155467,0.8940619089155938,1.8599645821206239,301.9004,496.9125
38,-1,0,robot,29.665048599243164,823.9522705078125,55.58887100219727,57.034423828125,0.3211709558963775,unknown,0.0,unknown,-124.68517112731934,-178.45306396484375,217.6967798050525,-2.180649332743809,3.0747112416594025,43.01521,497.09683
38,-1,0,robot,61.55575180053711,941.0433349609376,123.49217987060548,211.655517578125,0.3019773662090301,unknown,0.007899984660223961,unknown,31.890703201293945,117.09106445312511,121.35622903435538,1.3048878977371186,2.7976480766986587,201.21562,507.26773
38,-1,0,robot,90.60256958007812,906.2752685546876,162.71286010742188,70.26617431640625,0.2651557922363281,unknown,0.0,unknown,29.046817779541016,-34.76806640625,45.30492318443184,-0.8748129360794756,2.179700833816594,177.75954,496.26398
38,-1,0,robot,53.273712158203125,906.41650390625,92.56349182128906,52.7525634765625,0.2626548409461975,unknown,0.0,unknown,-37.328857421875,0.1412353515623863,37.32912460595886,3.137809128258853,2.2705632428412574,159.71696,504.31757
38,0,0,robot,167.80653381347656,1097.8966064453125,260.1372985839844,223.173095703125,0.8617390990257263,unknown,0.02109348051052087,unknown,7.0574188232421875,5.1419677734375,8.731952417971764,0.6296575912877835,0.6223231077905507,381.6164,506.16595
38,1,0,robot,734.553466796875,597.4505615234375,105.2000732421875,151.38873291015625,0.9232593178749084,unknown,0.018669189530116682,unknown,-0.1851806640625,0.663818359375,0.6891637632565609,1.842843025934635,0.131363706503834,124.726105,158.58282
38,2,0,robot,1201.3956298828125,675.1818237304688,143.7802734375,201.249267578125,0.9203824996948242,orange,0.16087395191872803,ball,-2.5059814453125,0.6220703125,2.582036885473245,2.8982766041673838,0.8478069024767061,652.5485,40.085297
38,3,0,robot,88.71924591064453,974.1810302734376,175.65614318847656,148.271728515625,0.6751741170883179,unknown,0.007294226044226044,unknown,0.5825042724609375,-2.21337890625,2.288745815958533,-1.31345734174187,1.1841079106126648,246.65337,506.06943
38,4,1,ball,720.3858642578125,790.0225830078125,23.16485595703125,27.44122314453125,0.8754282593727112,orange,0.8136645962732919,ball,0.0377197265625,-0.06005859375,0.07092117071211745,-1.0100076334497852,0.28863730592960035,402.96054,302.64627
39,-1,0,robot,59.16334915161133,921.53173828125,117.13091278076172,241.393798828125,0.542305052280426,unknown,0.009540021988154769,unknown,5.889636993408203,15.115234375,16.22214949152251,1.199244890779005,1.9385642374798482,179.3472,505.1571
39,-1,0,robot,174.891357421875,1102.89892578125,249.78045654296875,207.19818115234372,0.5084090828895569,unknown,0.024521739130434782,unknown,115.72800827026367,181.3671875,215.14420419770173,1.0028415794468852,0.19640331133211975,387.9951,505.49472
39,-1,0,robot,60.94828414916992,864.0131225585938,111.44803619384766,126.953369140625,0.4309491813182831,unknown,0.0,unknown,-113.94307327270508,-238.88580322265625,264.66856807744034,-2.015856616140464,3.018698195587349,112.870964,496.29974
39,-1,0,robot,45.66983795166016,985.4102783203124,90.62399291992188,114.47320556640624,0.418483167886734,unknown,0.025131390348781653,unknown,-15.278446197509759,121.39715576171864,122.35481333092368,1.695993136771069,2.571335554268053,237.768,515.86505
39,-1,0,robot,172.5226593017578,1058.3914794921875,257.8960266113281,298.34295654296875,0.3522262871265411,unknown,0.01782855953047122,unknown,126.85282135009766,72.98120117187511,146.34853606705295,0.5220761327786549,1.173917003992414,354.9736,500.69083
39,0,0,robot,151.1707763671875,1003.725341796875,303.70977783203125,416.58782958984375,0.7508277893066406,unknown,0.011887519687220521,unknown,-16.635757446289062,-94.1712646484375,95.62936531891141,-1.74564666930598,2.3753042605937633,301.60632,497.70462
39,1,0,robot,734.1314086914062,598.3494873046875,105.50048828125,151.21429443359375,0.9187883734703064,unknown,0.01911783081344496,unknown,-0.42205810546875,0.89892578125,0.993076333716494,2.00975895066263,0.1669159247279952,126.2829,159.7115
39,2,0,robot,1199.185302734375,678.9661865234375,146.1026611328125,203.68121337890625,0.913561761379242,orange,0.15699704539349987,ball,-2.2103271484375,3.78436279296875,4.382573199836608,2.0994191274029106,0.7988574767644732,653.83044,45.542953
39,3,0,robot,88.56358337402344,921.757568359375,177.00881958007812,243.41143798828125,0.4038363695144653,unknown,0.006393713236148892,unknown,-0.15566253662109375,-52.423461914062614,52.42369302024115,-1.5737656476571995,0.2603083059153295,193.70897,498.98492
39,4,1,ball,720.3143920898438,790.1852416992188,23.7593994140625,27.1064453125,0.8717042803764343,orange,0.8024691358024691,ball,-0.07147216796875,0.16265869140625,0.17766856977008308,1.9848000947383584,2.9948077281881433,403.08508,302.74823
40,-1,0,robot,58.38642120361328,861.2723388671875,108.47056579589844,129.21844482421875,0.4990138113498688,unknown,0.0,unknown,-114.13623809814453,-197.119140625,227.77848109058692,-2.095647685368214,2.617723818146869,108.09929,496.44794
40,-1,0,robot,97.13501739501952,965.2973022460938,191.7741241455078,143.5301513671875,0.4988074600696563,unknown,0.01201923076923077,unknown,38.748596191406236,104.02496337890625,111.00741737734216,1.2142251685163352,2.973312453295037,242.0325,503.238
40,-1,0,robot,58.48396682739258,981.4273681640624,113.37837982177734,106.84014892578124,0.3833572268486023,unknown,0.027044909436771153,unknown,-38.65105056762694,16.130065917968636,41.88177093317889,2.7462403604381977,1.5320151919218625,239.77731,512.90765
40,-1,0,robot,48.65412139892578,831.9620361328125,89.17349243164062,68.68133544921875,0.3354141414165497,unknown,0.0,unknown,-9.829845428466797,-149.4653320312499,149.7882216342771,-1.6364684779318668,1.9004764688095221,64.24266,493.91147
40,-1,0,robot,52.8001823425293,918.9049072265624,103.20502471923828,228.65234375,0.2526496052742004,unknown,0.014052120592743996,unknown,4.146060943603516,86.94287109374989,87.04167194724883,1.5231452386168989,3.123571590630821,173.42445,506.1402
40,0,0,robot,155.10928344726562,1000.8919677734376,308.74334716796875,420.27044677734375,0.7409815788269043,unknown,0.010435992578849721,unknown,3.938507080078125,-2.8333740234373863,4.851787956672806,-0.6236298005234088,1.1220168687825711,300.9382,496.56125
40,1,0,robot,734.3123779296875,600.88330078125,106.0938720703125,152.33221435546875,0.9162963032722472,unknown,0.01781281032770606,unknown,0.18096923828125,2.5338134765625,2.540267820371277,1.499495709436942,0.510263241225688,131.83495,162.25328
40,2,0,robot,1196.9501953125,680.312255859375,145.14208984375,204.14447021484372,0.9168776869773864,orange,0.16018667741069031,ball,-2.235107421875,1.3460693359375,2.6091392918876393,2.5995282991888478,0.5001091717859372,653.0079,48.079613
40,3,0,robot,90.25069427490234,918.55078125,178.9065399169922,231.66680908203125,0.3406568765640259,unknown,0.007980845969672785,unknown,1.6871109008789062,-3.206787109375,3.6235102810283433,-1.0864824590229387,0.4872831886342608,191.06718,498.16122
40,4,1,ball,720.3382568359375,789.974365234375,23.49542236328125,27.00714111328125,0.8697375059127808,orange,0.7971014492753623,ball,0.02386474609375,-0.21087646484375,0.21222254717893782,-1.4581064589889086,2.8402787534523193,402.87927,302.6364
41,-1,0,robot,49.62274932861328,826.9223022460938,94.3577880859375,71.71484375,0.5101725459098816,unknown,0.0,unknown,-3.1774330139160156,-91.98260498046864,92.03746899796222,-1.6053264432853576,3.1284716819022567,57.746765,492.82318
41,-1,0,robot,59.95590591430664,847.9016723632812,112.00542449951172,113.94140625,0.4529770612716675,unknown,0.0,unknown,10.33315658569336,20.9793701171875,23.386066269007234,1.1131353662969397,2.718461809582297,91.62034,493.91833
41,-1,0,robot,62.15657806396485,893.14208984375,105.48379516601562,69.78826904296875,0.4500903189182281,unknown,0.0,unknown,2.2006721496582102,45.24041748046875,45.293910536819226,1.5221907001297346,0.4090553338327949,148.7984,500.4863
41,-1,0,robot,63.53321075439453,980.8468017578124,117.9067840576172,99.72113037109376,0.4022554755210876,unknown,0.025811965811965813,unknown,1.3766326904296804,87.70471191406239,87.7155152153428,1.5551013929334583,0.03291069280372372,241.50975,511.8515
41,-1,0,robot,162.97750854492188,1002.881103515625,318.4166259765625,425.6642456054688,0.34840789437294,unknown,0.010031889449906989,unknown,99.44429779052734,22.034301757812614,101.85616729980285,0.21805143986862782,1.3370499530648305,306.1914,495.30484
41,-1,0,robot,39.68021011352539,823.052490234375,72.62548065185547,65.22833251953125,0.3363669812679291,unknown,0.0,unknown,-123.29729843139648,-179.82861328125,218.03796448127608,-2.17181806934577,2.389869509214398,47.03075,494.5455
41,-1,0,robot,135.63726806640625,929.2528076171876,110.3767547607422,60.447265625,0.3080491125583648,unknown,0.0024024024024024023,unknown,95.95705795288086,106.20031738281261,143.13023574068012,0.8360245955896843,3.0078426649354544,224.27545,490.1506
41,-1,0,robot,74.64503479003906,865.595703125,141.33450317382812,149.94805908203125,0.2879238724708557,unknown,0.0,unknown,-60.99223327636719,-63.657104492187614,88.16053239612432,-2.3348188024151115,3.1123419091747904,121.82533,493.43802
41,0,0,robot,191.1804351806641,1091.188720703125,254.32589721679688,229.66290283203125,0.8793942332267761,unknown,0.01925710373159877,unknown,36.071151733398466,90.29675292968739,97.23492981958111,1.1907439896750418,1.8143737901984505,386.6377,501.29602
41,1,0,robot,735.5782470703125,602.79345703125,104.9515380859375,151.93316650390625,0.9258340001106262,unknown,0.018170426065162906,unknown,1.265869140625,1.91015625,2.29153258336004,0.9855417808648883,0.5139539285720538,136.96394,163.64671
41,2,0,robot,1194.769287109375,679.4662475585938,146.0836181640625,208.833251953125,0.9300275444984436,orange,0.16100806187323852,ball,-2.180908203125,-0.84600830078125,2.3392500155923255,-2.771547078521543,0.9121099294691959,650.3687,48.016487
41,3,0,robot,98.77320861816406,967.7477416992188,191.2762451171875,131.1444091796875,0.7253613471984863,unknown,0.012069861316494145,unknown,8.522514343261719,49.19696044921875,49.929692249933765,1.3992661149488772,2.485748573971816,245.14081,503.23358
41,4,1,ball,720.3496704101562,790.3843994140625,23.4600830078125,26.84259033203125,0.8748286366462708,orange,0.821256038647343,ball,0.01141357421875,0.4100341796875,0.4101930011451292,1.5429678473275756,3.001074306316484,403.31656,302.83664
42,-1,0,robot,200.72210693359372,1090.9376220703125,247.3171844482422,223.88720703125,0.5025621652603149,unknown,0.019086176980913822,unknown,126.07707214355466,225.3419189453125,258.21388141276776,1.0606945714004457,2.887671933364029,390.44336,499.5827
42,-1,0,robot,70.5499038696289,975.4608154296876,134.54933166503906,99.18646240234376,0.3788966238498688,unknown,0.015114104002992892,unknown,-130.17220306396482,-115.47680664062489,174.01061841865388,-2.4159460176052496,2.8065447181738907,239.58469,509.8205
42,-1,0,robot,62.76388549804688,851.0319213867188,107.802978515625,126.2119140625,0.345723807811737,unknown,0.0,unknown,-7.786018371582024,-124.42889404296886,124.67225735839945,-1.63328888658484,0.7826571310204096,97.16999,493.78333
42,0,0,robot,163.0919952392578,996.2969360351562,327.5480041503906,417.5089111328125,0.77112877368927,unknown,0.009225647005331515,unknown,-28.08843994140628,-94.89178466796875,98.96166558730778,-1.8585839387886534,3.049327928463695,300.5675,494.37793
42,1,0,robot,736.5161743164062,602.9251708984375,105.005859375,153.07379150390625,0.904646933078766,unknown,0.01786492374727669,unknown,0.93792724609375,0.1317138671875,0.9471304354599172,0.139518428488752,0.8460233523761362,138.05821,163.36308
42,2,0,robot,1192.9703369140625,679.7607421875,148.09375,214.07318115234372,0.9099751114845276,orange,0.1584364738570346,ball,-1.7989501953125,0.29449462890625,1.8228957434997515,2.979328334799123,0.5323098938589208,649.03986,49.12793
42,3,0,robot,66.59522247314453,906.862548828125,132.9268035888672,233.9576416015625,0.5046038031578064,unknown,0.006490585437953859,unknown,-32.17798614501953,-60.88519287109375,68.86529970383745,-2.0569852040923213,2.8269339881383875,166.69917,501.52185
42,4,1,ball,720.392578125,790.46533203125,23.49652099609375,26.8046875,0.8755003809928894,orange,0.8260869565217391,ball,0.04290771484375,0.0809326171875,0.09160327787765558,1.0833082281009851,0.4596596192265905,403.429,302.8641
43,-1,0,robot,213.93264770507807,1092.0391845703125,243.2210693359375,218.36895751953125,0.5822684168815613,unknown,0.0235937734997744,unknown,151.1687622070312,241.00726318359375,284.49340163605194,1.0105897328853433,2.6438786194701835,396.72296,497.38235
43,-1,0,robot,63.10110855102539,846.1278076171875,121.17525482177734,124.67816162109376,0.3758907616138458,unknown,0.0,unknown,-150.83153915405268,-245.911376953125,288.48320318271993,-2.1209795251453354,3.1315692580306784,90.912155,492.89072
43,-1,0,robot,106.6731185913086,902.4892578125,216.7964324951172,235.58905029296875,0.3049052059650421,unknown,0.00421573478476002,unknown,43.5720100402832,56.3614501953125,71.23996860659915,0.912685793572936,3.0336653187182714,181.42651,492.1964
43,-1,0,robot,84.6146469116211,962.6390380859376,165.0237579345703,120.2161865234375,0.294053703546524,unknown,0.010757575757575757,unknown,-22.0584716796875,60.149780273437614,64.06693562038379,1.922293177599586,1.00960738402665,233.67513,505.40195
43,0,0,robot,170.87696838378906,989.0238037109376,335.2150573730469,429.4147338867188,0.6784499883651733,unknown,0.010253384241582784,unknown,7.78497314453125,-7.273132324218636,10.653837837449318,-0.7514201950265281,1.1071637437621251,297.7541,491.82675
43,1,0,robot,738.2630615234375,603.4820556640625,103.70025634765624,153.54986572265625,0.8886864185333252,unknown,0.019419306184012067,unknown,1.74688720703125,0.556884765625,1.8335036286505277,0.3086021443702378,0.1690837158814858,140.74559,163.15366
43,2,0,robot,1190.24560546875,682.323486328125,148.2030029296875,212.44842529296875,0.8896516561508179,orange,0.1529311001141987,ball,-2.7247314453125,2.562744140625,3.7405639921517873,2.3868209492535373,0.5925073855455856,648.8474,53.26322
43,3,0,robot,73.96214294433594,902.1693115234376,147.36575317382812,234.60211181640625,0.5627703070640564,unknown,0.00615038115038115,unknown,7.366920471191406,-4.693237304687386,8.734872273076942,-0.5672311725470816,1.4897540315452398,164.99298,499.24982
43,4,1,ball,720.4762573242188,790.3494262695312,23.1453857421875,27.0057373046875,0.8727034330368042,orange,0.821256038647343,ball,0.08367919921875,-0.11590576171875,0.14295577631384784,-0.945484346836605,2.02879257493759,403.36145,302.78183
44,0,0,robot,178.17398071289062,992.1094970703124,346.72900390625,426.1087036132813,0.6332373023033142,unknown,0.011020010553232942,unknown,7.2970123291015625,3.0856933593747726,7.922619039127767,0.4000658049777625,1.1514860000042906,303.7853,490.82904
44,1,0,robot,740.6138916015625,605.6668701171875,103.18695068359376,152.56005859375,0.8743155598640442,unknown,0.020305856970619963,unknown,2.350830078125,2.184814453125,3.2093326799821,0.7488120631765761,0.4402099188063383,147.32185,164.33383
44,2,0,robot,1187.75048828125,685.10400390625,149.2818603515625,213.56011962890625,0.868011474609375,orange,0.13356959167032553,ball,-2.4951171875,2.780517578125,3.735891832162707,2.3021493418979735,0.08467160735556378,649.0414,57.503635
44,3,0,robot,87.02860260009766,899.78076171875,173.56300354003906,230.652099609375,0.7064453363418579,unknown,0.006667661840075633,unknown,13.066459655761719,-2.3885498046876137,13.282979263144314,-0.1808038078531685,0.38642736469391303,168.69917,496.05524
44,4,1,ball,720.4000854492188,790.5518188476562,23.8411865234375,26.910400390625,0.8701629042625427,orange,0.7932098765432098,ball,-0.076171875,0.202392578125,0.2162519600399031,1.930756214263842,2.876240561100447,403.5244,302.9048
45,-1,0,robot,186.2921600341797,986.7941284179688,358.2842102050781,426.1566162109375,0.3867166638374328,unknown,0.009960133238912056,unknown,50.8387565612793,12.077545166015568,52.25367227223523,0.23324199871994813,1.6890511788796378,302.85806,488.45218
45,-1,0,robot,1188.9708251953125,680.45263671875,25.8203125,32.26177978515625,0.2932823598384857,orange,0.2062937062937063,ball,1002.6786651611328,-306.34149169921875,1048.4319792460612,-0.29651612250382997,0.5297581212237781,646.12616,51.63505
45,0,0,robot,232.4217834472656,1047.365966796875,250.8974609375,302.90679931640625,0.7877594232559204,unknown,0.018040051017053898,unknown,54.24780273437497,55.256469726562614,77.43449843674453,0.7946091142006753,0.39454330922291275,372.5942,488.2179
45,1,0,robot,742.767333984375,607.1697998046875,103.95172119140624,152.24041748046875,0.9073334336280824,unknown,0.01904099190283401,unknown,2.1534423828125,1.5029296875,2.6260448856906513,0.6093283705331033,0.13948369264347282,152.2767,164.90253
45,2,0,robot,1184.011962890625,689.3270263671875,152.9620361328125,208.898193359375,0.914408266544342,orange,0.10334298665323596,ball,-3.738525390625,4.2230224609375,5.640078971249466,2.295414811715838,0.006734530182135323,649.3755,63.825344
45,3,0,robot,90.18302917480467,894.3137817382812,176.58172607421875,230.5098876953125,0.8328613042831421,unknown,0.006050767414403778,unknown,3.154426574707017,-5.46697998046875,6.311757055057169,-1.0474631574565432,0.8666593496033747,164.01273,494.5253
45,4,1,ball,720.5238647460938,790.3489379882812,23.3428955078125,26.787353515625,0.8777927160263062,orange,0.822866344605475,ball,0.123779296875,-0.202880859375,0.23765933063022776,-1.0229773844043706,2.9537335986682125,403.39163,302.76752
46,-1,0,robot,1187.2978515625,681.6776123046875,20.7940673828125,29.90509033203125,0.2560279667377472,red,0.2523809523809524,red,-1.6729736328125,1.2249755859375,2.073500895159868,2.509571758704633,2.8060878812084633,645.71814,53.76342
46,0,0,robot,240.65872192382807,1051.377197265625,253.85166931152344,295.44873046875,0.8650492429733276,unknown,0.019257974109168557,unknown,8.236938476562472,4.01123046875,9.161720653900316,0.45317806650831893,0.3414310476923563,379.16742,487.2415
46,1,0,robot,746.632080078125,608.1058349609375,103.3699951171875,152.82391357421875,0.9309430718421936,unknown,0.020496224379719527,unknown,3.86474609375,0.93603515625,3.976483896973788,0.23762256982628194,0.37170580070682135,157.5355,164.14145
46,2,0,robot,1180.66796875,690.9190673828125,153.3289794921875,209.07049560546875,0.9361594319343568,orange,0.08202770741470432,ball,-3.343994140625,1.592041015625,3.70363219123695,2.697255632285833,0.40184082056999504,647.8415,66.97716
46,3,0,robot,96.10738372802734,889.67578125,186.4024200439453,234.22613525390625,0.8914077281951904,unknown,0.005927763992280122,unknown,5.9243545532226705,-4.63800048828125,7.523896955806034,-0.6642083026149677,0.3832548548415755,161.60176,492.49185
46,4,1,ball,720.1561279296875,790.5595092773438,23.68121337890625,26.9635009765625,0.8783313632011414,orange,0.8024691358024691,ball,-0.36773681640625,0.2105712890625,0.42375775381466113,2.6215532836630278,2.638654639112188,403.37534,302.9807
47,0,0,robot,247.5326232910156,1044.509033203125,257.5023803710937,306.32574462890625,0.8991585373878479,unknown,0.017376646091838935,unknown,6.873901367187528,-6.8681640625,9.717108499715287,-0.7849806639768891,1.2381587304852082,377.0774,484.9938
47,1,0,robot,749.0572509765625,610.093505859375,104.64947509765624,154.62274169921875,0.9390891790390016,unknown,0.020729270729270728,unknown,2.4251708984375,1.9876708984375,3.135648176553532,0.6865786303568683,0.44895606053058634,163.64735,165.07614
47,2,0,robot,1177.0238037109375,694.00634765625,154.022705078125,208.92535400390625,0.943593204021454,orange,0.0762987012987013,ball,-3.6441650390625,3.0872802734375,4.776111212972507,2.4387353829612652,0.25852024932456796,647.3156,71.861374
47,3,0,robot,99.68383026123048,883.968017578125,187.27430725097656,227.31707763671875,0.9286321401596068,unknown,0.005675954592363261,unknown,3.576446533203139,-5.707763671875,6.735691199783192,-1.011052080649896,0.3468437780349283,156.72626,490.7811
47,4,1,ball,719.8699951171875,790.8771362304688,23.675048828125,27.322998046875,0.8745148777961731,orange,0.8005952380952381,ball,-0.2861328125,0.317626953125,0.4275030616739851,2.3040783612242666,0.3174749224387612,403.52368,303.2227
48,0,0,robot,255.7138671875,1043.194091796875,251.43115234375,306.44830322265625,0.9176769256591796,unknown,0.016417988178006927,unknown,8.181243896484403,-1.31494140625,8.286242972278451,-0.15936339381487158,0.6256172701620175,379.69376,483.26996
48,1,0,robot,752.2579345703125,610.3970947265625,102.59100341796876,153.98602294921875,0.9396761059761048,unknown,0.01960660698524776,unknown,3.20068359375,0.3035888671875,3.2150492480801294,0.09456833289098261,0.5920102974658856,167.02461,163.97452
48,2,0,robot,1173.638671875,696.2228393554688,154.1849365234375,209.68896484375,0.9437233209609984,orange,0.0720160791589363,ball,-3.3851318359375,2.21649169921875,4.046227007890587,2.561869641276986,0.12313425831572067,646.2913,75.64012
48,3,0,robot,105.80101776123048,879.5020751953125,187.2700042724609,226.98284912109372,0.9264965057373048,unknown,0.006643266036891329,unknown,6.1171875,-4.4659423828125,7.573943773012659,-0.6306199342530273,0.3804321463968686,154.53358,488.67877
48,4,1,ball,720.107421875,790.5053100585938,23.345458984375,26.9595947265625,0.8747832179069519,orange,0.8101851851851852,ball,0.2374267578125,-0.371826171875,0.44116455820540773,-1.0025179073953827,2.976589038559937,403.2872,302.96826
49,0,0,robot,257.30352783203125,1040.6976318359375,254.9930419921875,306.03326416015625,0.9200450778007508,unknown,0.017993079584775088,unknown,1.58966064453125,-2.4964599609375,2.9596170869447915,-1.0037808242310413,0.8444174304161698,378.5306,482.60855
49,1,0,robot,755.7285766601562,612.049560546875,103.37548828125,154.59954833984375,0.9440150260925292,unknown,0.02187618207035683,unknown,3.47064208984375,1.6524658203125,3.8439562696648952,0.44436732791627725,0.34979899502529466,173.31273,164.11215
49,2,0,robot,1170.7706298828125,698.1776733398438,153.528076171875,211.322265625,0.9485756158828736,orange,0.07330584107835293,ball,-2.8680419921875,1.954833984375,3.470884725169979,2.543328297159293,0.018541344117692926,645.4953,78.89452
49,3,0,robot,112.75641632080078,873.0403442382812,187.4157867431641,223.147216796875,0.9239739775657654,unknown,0.007615546218487395,unknown,6.955398559570298,-6.46173095703125,9.493763009656844,-0.7486209220903061,0.11800098783727875,150.3455,486.0189
49,4,1,ball,719.8155517578125,790.58056640625,23.19158935546875,26.982666015625,0.8728856444358826,orange,0.7938808373590982,ball,-0.2918701171875,0.07525634765625,0.30141612957770414,2.889247098540364,2.3914203012438398,403.17807,303.09186
